Symbol,Name,Last Sale,Net Change,% Change,Market Cap,Country,IPO Year,Volume,Sector,Industry
AAMC,Altisource Asset Management Corp Com,$4.89,-0.25,-4.864%,13516615.00,United States,,11046,Finance,Real Estate
AAU,Almaden Minerals Ltd. Common Shares,$0.1351,0.00,0.00%,18538612.00,Canada,2015,82198,,
ACU,Acme United Corporation. Common Stock,$47.40,-2.00,-4.049%,169932318.00,United States,1988,28506,Consumer Discretionary,Industrial Machinery/Components
ADRT,Ault Disruptive Technologies Corporation Common Stock,$11.59,0.26,2.295%,166606250.00,,2022,2430,Finance,Blank Checks
AE,Adams Resources & Energy Inc. Common Stock,$23.77,-0.40,-1.655%,60528903.00,United States,1980,8146,Energy,Oil Refining/Marketing
AEF,abrdn Emerging Markets Equity Income Fund Inc. Common Stock,$4.86,0.01,0.206%,521781750.00,United States,,91536,Finance,Finance/Investors Services
AEON,AEON Biopharma Inc. Class A Common Stock,$8.69,0.39,4.699%,322916924.00,United States,,18871,Health Care,Biotechnology: Pharmaceutical Preparations
AGE,AgeX Therapeutics Inc. Common Stock,$0.413,0.013,3.25%,15673871.00,,2018,14267,Health Care,Biotechnology: Pharmaceutical Preparations
AIM,AIM ImmunoTech Inc. Common Stock,$0.403,-0.012,-2.892%,19683465.00,United States,1997,160851,Health Care,Biotechnology: Biological Products (No Diagnostic Substances)
AINC,Ashford Inc. (Holding Company) Common Stock,$3.01,-0.2699,-8.229%,9674065.00,United States,2014,676,Consumer Discretionary,Professional Services
AIRI,Air Industries Group Common Stock,$4.31,0.16,3.855%,14236124.00,United States,,4672,Industrials,Military/Government/Technical
AMBI,Ambipar Emergency Response Class A Ordinary Shares,$6.50,0.00,0.00%,360294025.00,,,110,Industrials,Environmental Services
AMBO,Ambow Education Holding Ltd. American Depository Shares each representing two Class A ordinary shares,$0.14,-0.0038,-2.643%,3648927.00,China,,8994,Real Estate,Other Consumer Services
AMPE,Ampio Pharmaceuticals Inc.,$1.68,0.06,3.704%,1397795.00,United States,2022,42082,Health Care,Biotechnology: Pharmaceutical Preparations
AMS,American Shared Hospital Services Common Stock,$2.71,-0.04,-1.455%,17073000.00,United States,1988,3513,Health Care,Medical Specialities
APT,Alpha Pro Tech Ltd. Common Stock,$4.98,0.07,1.426%,58002538.00,Canada,2000,16183,,
AREN,The Arena Group Holdings Inc. Common Stock,$1.16,0.04,3.571%,27648474.00,United States,2022,44256,Health Care,Medical/Dental Instruments
ARMN,Aris Mining Corporation Common Shares,$2.88,-0.02,-0.69%,396958867.00,,2023,35425,,
ARMP,Armata Pharmaceuticals Inc. Common Stock,$4.09,0.19,4.872%,147839488.00,United States,,13529,Health Care,Biotechnology: Biological Products (No Diagnostic Substances)
ASM,Avino Silver & Gold Mines Ltd. Common Shares (Canada),$0.4791,-0.0005,-0.104%,60273726.00,Canada,,288183,Basic Materials,Metal Mining
ASXC,Asensus Surgical Inc. Common Stock,$0.27,-0.004,-1.46%,71365522.00,United States,,1391250,Health Care,Medical/Dental Instruments
ATEK,Athena Technology Acquisition Corp. II Class A Common Stock,$11.05,0.00,0.00%,0.00,,2022,980,Finance,Blank Checks
ATNM,Actinium Pharmaceuticals Inc. (Delaware) Common Stock,$5.60,0.36,6.87%,153515270.00,United States,,296163,Health Care,Biotechnology: Pharmaceutical Preparations
AULT,Ault Alliance Inc. Common Stock,$0.6405,0.0065,1.025%,1807747.00,United States,1997,849794,Finance,Investment Bankers/Brokers/Service
AULT^D,Ault Alliance Inc. 13.00% Series D Cumulative Redeemable Perpetual Preferred Stock,$21.70,0.0249,0.115%,,United States,,749,,
AUMN,Golden Minerals Company Common Stock,$0.4422,-0.0077,-1.711%,6228245.00,United States,,54800,Basic Materials,Precious Metals
AUST,Austin Gold Corp. Common Shares,$0.655,0.0048,0.738%,8691850.00,,2022,3585,,
AWX,Avalon Holdings Corporation Common Stock,$2.2599,-0.09,-3.83%,8812324.00,United States,1998,6574,Utilities,Environmental Services
AZTR,Azitra Inc Common Stock,$1.37,0.04,3.008%,16573771.00,,2023,11226,Health Care,Biotechnology: Pharmaceutical Preparations
BATL,Battalion Oil Corporation Common Stock,$6.69,-0.28,-4.017%,110094406.00,United States,,225730,Energy,Oil & Gas Production
BCV,Bancroft Fund Ltd.,$15.22,-0.23,-1.489%,0.00,United States,1972,81060,Finance,Finance/Investors Services
BCV^A,Bancroft Fund Limited 5.375% Series A Cumulative Preferred Shares,$23.07,0.05,0.217%,,United States,,4567,,
BDL,Flanigan's Enterprises Inc. Common Stock,$26.71,-0.11,-0.41%,49644461.00,United States,1972,1391,Consumer Discretionary,Restaurants
BEEP,Mobile Infrastructure Corporation Common Stock,$3.80,0.00,0.00%,0.00,,2023,22475,Finance,Blank Checks
BGI,Birks Group Inc. Common Stock,$4.18,0.1001,2.453%,45854600.00,Canada,,2041,Consumer Discretionary,Consumer Specialties
BHB,Bar Harbor Bankshares Inc. Common Stock,$27.45,0.21,0.771%,416031404.00,United States,1997,22813,Finance,Major Banks
BHM,Bluerock Homes Trust Inc. Class A Common Stock,$13.77,-0.127,-0.914%,53424213.00,,2022,1881,Real Estate,Real Estate Investment Trusts
BITE,Bite Acquisition Corp. Common Stock,$10.80,0.00,0.00%,0.00,,2021,1,Finance,Blank Checks
BKTI,BK Technologies Corporation Common Stock,$12.77,0.07,0.551%,44126722.00,United States,,21513,Technology,Radio And Television Broadcasting And Communications Equipment
BLUA,BlueRiver Acquisition Corp. Class A Ordinary Shares,$10.85,0.05,0.463%,0.00,,2021,950,Finance,Blank Checks
BMTX,BM Technologies Inc. Common Stock,$2.18,0.05,2.347%,25876437.00,,2018,5880,Finance,Major Banks
BQ,Boqii Holding Limited American Depositary Shares representing Class A Ordinary Shares,$0.3679,-0.0022,-0.594%,2394351.00,,2020,8619,Consumer Discretionary,Other Specialty Stores
BRBS,Blue Ridge Bankshares Inc. Common Stock,$3.03,-0.09,-2.885%,58171088.00,United States,,85402,Finance,Commercial Banks
BRN,Barnwell Industries Inc. Common Stock,$2.45,-0.04,-1.606%,24500260.00,United States,1965,15145,Energy,Oil & Gas Production
BTG,B2Gold Corp Common shares (Canada),$2.76,0.03,1.099%,3589047771.00,Canada,,8222011,Basic Materials,Precious Metals
BTTR,Better Choice Company Inc. Common Stock,$0.257,0.0149,6.154%,8244855.00,,2021,29524,Consumer Staples,Beverages (Production/Distribution)
BURU,Nuburu Inc. Common Stock,$0.1543,-0.0057,-3.563%,5488522.00,United States,2020,332773,Technology,Industrial Machinery/Components
CANF,Can-Fite Biopharma Ltd Sponsored ADR (Israel),$1.96,0.01,0.513%,7983840.00,Israel,,12521,Health Care,Biotechnology: Pharmaceutical Preparations
CATX,Perspective Therapeutics Inc. Common Stock,$0.6254,0.1114,21.673%,175469120.00,United States,,3275158,Health Care,Medical/Dental Instruments
CCEL,Cryo-Cell International Inc. Common Stock,$5.53,0.00,0.00%,45825921.00,United States,2022,3247,Health Care,Managed Health Care
CEI,Camber Energy Inc. Common Stock,$0.173,-0.0068,-3.782%,18602906.00,United States,,3223901,Energy,Oil & Gas Production
CET,Central Securities Corporation Common Stock,$37.99,0.23,0.609%,9194537348.00,United States,1951,30957,Finance,Finance/Investors Services
CEV,Eaton Vance California Municipal Income Trust Shares of Beneficial Interest,$10.40,-0.05,-0.478%,73149180.00,United States,1999,3612,Finance,Investment Bankers/Brokers/Service
CHAA,Catcha Investment Corp. Class A Ordinary Shares,$11.21,0.00,0.00%,0.00,,2021,19,Finance,Blank Checks
CIK,Credit Suisse Asset Management Income Fund Inc. Common Stock,$3.04,-0.03,-0.977%,0.00,United States,,90050,Finance,Finance/Investors Services
CIX,CompX International Inc. Common Stock,$22.56,-0.31,-1.355%,277798358.00,United States,1998,4291,Consumer Discretionary,Industrial Machinery/Components
CKX,CKX Lands Inc. Common Stock,$12.95,-0.1119,-0.857%,25568830.00,United States,2003,566,Energy,Oil & Gas Production
CLDI,Calidi Biotherapeutics Inc. Common Stock,$0.97,-0.0065,-0.666%,0.00,,2021,18745,Health Care,Biotechnology: Biological Products (No Diagnostic Substances)
CLM,Cornerstone Strategic Value Fund Inc. New Common Stock,$7.12,0.01,0.141%,0.00,United States,2003,939229,Finance,Finance/Investors Services
CMCL,Caledonia Mining Corporation Plc Common Shares,$11.22,0.02,0.179%,215311800.00,Canada,,20253,Basic Materials,Precious Metals
CMT,Core Molding Technologies Inc Common Stock,$17.41,-0.37,-2.081%,157398657.00,United States,1996,38511,Consumer Discretionary,Electronic Components
COE,51Talk Online Education Group American depositary shares each representing 60 Class A ordinary shares,$7.59,-0.095,-1.236%,42733749.00,China,2016,2314,Real Estate,Other Consumer Services
COHN,Cohen & Company Inc.,$6.97,0.02,0.288%,12694789.00,United States,,5790,Finance,Investment Bankers/Brokers/Service
CPHI,China Pharma Holdings Inc. Common Stock,$0.0936,-0.0004,-0.426%,3084277.00,China,,3783435,Health Care,Biotechnology: Pharmaceutical Preparations
CQP,Cheniere Energy Partners LP Common Units,$53.49,0.84,1.595%,25891252689.00,United States,2007,151449,Utilities,Oil/Gas Transmission
CRF,Cornerstone Total Return Fund Inc. (The) Common Stock,$7.10,0.00,0.00%,0.00,United States,2003,382885,Finance,Finance/Investors Services
CTGO,Contango ORE Inc. Common Stock,$15.72,-0.18,-1.132%,147770012.00,United States,2021,7408,Basic Materials,Precious Metals
CTM,Castellum Inc. Common Stock,$0.2975,0.0175,6.25%,14173622.00,,2022,191279,Technology,EDP Services
CVM,Cel-Sci Corporation Common Stock,$2.88,0.20,7.463%,143944716.00,United States,1997,335841,Health Care,Biotechnology: Biological Products (No Diagnostic Substances)
CVR,Chicago Rivet & Machine Co. Common Stock,$16.85,0.35,2.121%,16279324.00,United States,1930,3281,Industrials,Industrial Machinery/Components
CVU,CPI Aerostructures Inc. Common Stock,$2.7566,0.0066,0.24%,34932754.00,United States,2022,46237,Industrials,Military/Government/Technical
CYBN,Cybin Inc. Common Shares,$0.37,0.008,2.21%,94932205.00,Canada,,2048415,Health Care,Biotechnology: Pharmaceutical Preparations
DC,Dakota Gold Corp. Common Stock,$2.33,0.01,0.431%,202104834.00,United States,2022,122709,Basic Materials,Precious Metals
DDC,DDC Enterprise Limited Class A Ordinary Shares,$3.24,0.11,3.514%,64550740.00,,2023,230776,Basic Materials,Metal Mining
DHY,Credit Suisse High Yield Bond Fund Common Stock,$1.98,-0.01,-0.503%,0.00,United States,1998,448429,Finance,Finance/Investors Services
DIT,AMCON Distributing Company Common Stock,$196.00,0.00,0.00%,123550952.00,United States,1999,40,Consumer Discretionary,Food Distributors
DLA,Delta Apparel Inc. Common Stock,$7.87,0.39,5.214%,55098027.00,United States,2000,9374,Consumer Staples,Apparel
DMF,BNY Mellon Municipal Income Inc. Common Stock,$6.48,-0.035,-0.537%,403644734.00,United States,1988,95899,Finance,Finance/Investors Services
DNN,Denison Mines Corp Ordinary Shares (Canada),$1.92,0.02,1.053%,1706123914.00,Canada,,5947300,Basic Materials,Other Metals and Minerals
DPSI,DecisionPoint Systems Inc. Common Stock,$6.5429,0.0429,0.66%,50084624.00,,2022,4926,Technology,Retail: Computer Software & Peripheral Equipment
DSS,DSS Inc. Common Stock,$1.96,-0.065,-3.21%,13745897.00,United States,,14469,Consumer Discretionary,Containers/Packaging
DXF,Dunxin Financial Holdings Limited American Depositary Shares,$0.3624,0.0082,2.315%,787056.00,China,,105538,Finance,Finance: Consumer Services
EAD,Allspring Income Opportunities Fund Common Shares,$6.65,0.01,0.151%,0.00,United States,2003,156706,Finance,Finance/Investors Services
ECF,Ellsworth Growth and Income Fund Ltd.,$7.95,0.00,0.00%,0.00,United States,1986,33208,Finance,Finance/Investors Services
ECF^A,Ellsworth Growth and Income Fund Ltd. 5.25% Series A Cumulative Preferred Shares (Liquidation Preference $25.00 per share),$22.78,-0.03,-0.132%,,United States,,291,,
EFSH,1847 Holdings LLC Common Shares,$1.5755,0.0655,4.338%,1247460.00,,2022,112965,Consumer Discretionary,Professional Services
EIM,Eaton Vance Municipal Bond Fund Common Shares of Beneficial Interest $.01 par value,$9.90,-0.08,-0.802%,0.00,United States,2002,219312,Finance,Finance/Investors Services
ELA,Envela Corporation Common Stock,$4.26,-0.23,-5.122%,113742000.00,United States,,9020,Consumer Discretionary,Consumer Specialties
ELLO,Ellomay Capital Ltd Ordinary Shares (Israel),$15.91,-0.29,-1.79%,204443500.00,Israel,,7785,Utilities,Electric Utilities: Central
ELMD,Electromed Inc. Common Stock,$10.38,0.30,2.976%,89077807.00,United States,2011,16260,Health Care,Biotechnology: Electromedical & Electrotherapeutic Apparatus
EMX,EMX Royalty Corporation Common Shares (Canada),$1.51,-0.01,-0.658%,169428100.00,Canada,,219354,Basic Materials,Metal Mining
ENSV,Enservco Corporation Common Stock,$0.187,0.001,0.538%,4971532.00,United States,,65326,Energy,Oilfield Services/Equipment
ENX,Eaton Vance New York Municipal Bond Fund Common Shares of Beneficial Interest $.01 par value,$9.67,-0.01,-0.103%,0.00,United States,2002,17610,Finance,Finance/Investors Services
EP,Empire Petroleum Corporation Common Stock,$7.45,0.65,9.559%,170547486.00,United States,2022,30585,Energy,Oil & Gas Production
EPM,Evolution Petroleum Corporation Inc. Common Stock,$5.67,-0.11,-1.903%,189550669.00,United States,,413872,Energy,Oil & Gas Production
EQX,Equinox Gold Corp. Common Shares,$4.40,0.01,0.228%,1377116105.00,Canada,,1453616,Basic Materials,Precious Metals
ERC,Allspring Multi-Sector Income Fund Common Stock,$9.35,-0.04,-0.426%,0.00,United States,2003,68181,Finance,Finance/Investors Services
ERH,Allspring Utilities and High Income Fund Common Shares,$8.87,0.01,0.113%,0.00,,2004,21827,Finance,Finance/Investors Services
ESP,Espey Mfg. & Electronics Corp. Common Stock,$21.03,-0.48,-2.232%,56920492.00,United States,1960,4501,Technology,Industrial Machinery/Components
EVBN,Evans Bancorp Inc. Common Stock,$30.60,-0.33,-1.067%,167797885.00,United States,,14172,Finance,Major Banks
EVE,EVe Mobility Acquisition Corp Class A Ordinary Shares,$10.84,0.005,0.046%,0.00,,2022,719,Finance,Blank Checks
EVI,EVI Industries Inc.  Common Stock,$22.00,0.01,0.045%,278464340.00,United States,1999,10795,Consumer Discretionary,Other Consumer Services
EVM,Eaton Vance California Municipal Bond Fund Common Shares of Beneficial Interest $.01 par value,$9.10,-0.03,-0.329%,0.00,United States,2002,77053,Finance,Finance/Investors Services
EVV,Eaton Vance Limited Duration Income Fund Common Shares of Beneficial Interest,$9.69,0.00,0.00%,0.00,United States,2003,306398,Finance,Finance/Investors Services
FAX,abrdn Asia-Pacific Income Fund Inc. Common Stock,$2.63,-0.02,-0.755%,0.00,United States,1986,790005,Finance,Investment Managers
FCO,abrdn Global Income Fund Inc. Common Stock,$5.17,0.04,0.78%,0.00,United States,1992,81286,Finance,Investment Managers
FEN,First Trust Energy Income and Growth Fund,$14.46,0.16,1.119%,0.00,United States,2004,41495,Finance,Finance/Investors Services
FGH,FG Group Holdings Inc. Common Stock,$1.40,-0.07,-4.762%,27591458.00,United States,,1833,Consumer Discretionary,Industrial Machinery/Components
FLYX,flyExclusive Inc. Class A Common Stock,$6.387,-0.2385,-3.60%,179634375.00,,2023,39260,Finance,Blank Checks
FOXO,FOXO Technologies Inc. Class A Common Stock,$0.2801,-0.0046,-1.616%,2505784.00,,2022,248590,Technology,Retail: Computer Software & Peripheral Equipment
FRD,Friedman Industries Inc. Common Stock,$17.35,0.23,1.343%,127961143.00,United States,1975,18893,Industrials,Steel/Iron Ore
FSI,Flexible Solutions International Inc. Common Stock (CDA),$1.79,-0.03,-1.648%,22259602.00,Canada,2002,21575,Consumer Discretionary,Recreational Games/Products/Toys
FSP,Franklin Street Properties Corp. Common Stock,$2.46,0.00,0.00%,254438668.00,United States,,382190,Real Estate,Real Estate Investment Trusts
FTF,Franklin Limited Duration Income Trust Common Shares of Beneficial Interest,$6.26,-0.01,-0.159%,252937641.00,United States,2003,203807,Finance,Finance/Investors Services
FURY,Fury Gold Mines Limited Common Shares,$0.39,0.001,0.257%,56763506.00,,2020,61666,Basic Materials,Precious Metals
GAU,Galiano Gold Inc.,$0.9001,-0.0414,-4.397%,202483003.00,Canada,,76296,Industrials,Mining & Quarrying of Nonmetallic Minerals (No Fuels)
GBR,New Concept Energy Inc Common Stock,$1.03,-0.02,-1.905%,5285892.00,United States,1993,1843,Energy,Oil & Gas Production
GENC,Gencor Industries Inc. Common Stock,$16.10,-0.10,-0.617%,235989002.00,United States,,15043,Industrials,Construction/Ag Equipment/Trucks
GGN,GAMCO Global Gold Natural Resources & Income Trust,$3.75,0.00,0.00%,0.00,United States,2005,246505,Finance,Finance/Investors Services
GGN^B,GAMCO Global Gold Natural Resources & Income Trust 5.00% Series B Cumulative 25.00 Liquidation Preference,$22.30,0.00,0.00%,,United States,,93,,
GLDG,GoldMining Inc. Common Shares,$0.84,-0.0151,-1.766%,148544156.00,,,363134,Basic Materials,Precious Metals
GLO,Clough Global Opportunities Fund Common Stock,$4.77,0.01,0.21%,0.00,United States,2006,138853,Finance,Finance/Investors Services
GLQ,Clough Global Equity Fund Clough Global Equity Fund Common Shares of Beneficial Interest,$6.045,0.015,0.249%,0.00,United States,2005,52540,Finance,Finance/Investors Services
GLU,Gabelli Global Utility Common Shares of Beneficial Ownership,$13.18,0.079,0.603%,78670247.00,United States,2004,8678,Finance,Finance/Investors Services
GLV,Clough Global Dividend and Income Fund Common Shares of beneficial interest,$5.31,0.02,0.378%,67487886.00,United States,2004,34546,Finance,Finance/Investors Services
GNS,Genius Group Limited Ordinary Shares,$0.3801,-0.0499,-11.605%,19347112.00,Singapore,2022,5766560,Real Estate,Other Consumer Services
GORO,Gold Resource Corporation Common Stock,$0.282,0.00,0.00%,25011719.00,United States,,318884,Basic Materials,Precious Metals
GRF,Eagle Capital Growth Fund Inc. Common Stock,$8.94,-0.06,-0.667%,0.00,United States,,1514,Finance,Finance/Investors Services
GRFX,Graphex Group Limited American Depositary Shares each American Depositary Share representing 20 Ordinary Shares,$0.565,-0.265,-31.928%,439257499.00,,2022,411240,,
GROY,Gold Royalty Corp. Common Shares,$1.35,0.00,0.00%,195709885.00,Canada,2021,98234,Basic Materials,Precious Metals
GSAT,Globalstar Inc. Common Stock,$1.61,-0.03,-1.829%,3059000000.00,United States,2006,1719457,Consumer Discretionary,Telecommunications Equipment
GTE,Gran Tierra Energy Inc. Common Stock,$5.40,0.19,3.647%,179756847.00,Canada,,504458,Energy,Oil & Gas Production
HNRA,HNR Acquisition Corp Class A Common Stock,$2.05,0.01,0.49%,0.00,,2022,4325,Energy,Oil & Gas Production
HNW,Pioneer Diversified High Income Fund Inc.,$11.04,0.00,0.00%,0.00,United States,2007,17578,Finance,Finance/Investors Services
HUSA,Houston American Energy Corporation Common Stock,$1.61,-0.06,-3.593%,17559228.00,United States,,175065,Energy,Oil & Gas Production
HWM^,Howmet Aerospace Inc. $3.75 Preferred Stock,$65.21,0.00,0.00%,,United States,,206,,
IAF,abrdn Australia Equity Fund Inc. Common Stock,$4.208,0.018,0.43%,0.00,United States,1985,127759,Finance,Finance/Investors Services
IAUX,i-80 Gold Corp. Common Shares,$1.60,0.00,0.00%,477600534.00,Canada,2022,1481432,,
IBIO,iBio Inc. Common Stock,$1.18,0.055,4.889%,1657942.00,United States,,100614,Health Care,Biotechnology: Pharmaceutical Preparations
IDR,Idaho Strategic Resources Inc. Common Stock,$6.005,0.045,0.755%,73600421.00,,2022,7706,Basic Materials,Precious Metals
IE,Ivanhoe Electric Inc. Common Stock,$9.18,0.01,0.109%,952736248.00,Canada,2022,523835,Basic Materials,Metal Mining
IGC,IGC Pharma Inc. Common Stock,$0.285,0.0065,2.334%,18164315.00,United States,,112084,Health Care,Biotechnology: Pharmaceutical Preparations
IHT,InnSuites Hospitality Trust Shares of Beneficial Interest,$1.35,0.08,6.299%,12157838.00,United States,1999,8990,Finance,Investment Bankers/Brokers/Service
IMO,Imperial Oil Limited Common Stock,$57.26,0.47,0.828%,32447359177.00,Canada,1929,400332,Energy,Integrated oil Companies
INDO,Indonesia Energy Corporation Limited Ordinary Shares,$2.62,-0.06,-2.239%,26566800.00,,2019,43838,Energy,Oil & Gas Production
INFU,InfuSystems Holdings Inc. Common Stock,$9.63,-0.17,-1.735%,203997355.00,United States,,22005,Health Care,Medical/Dental Instruments
INLX,Intellinetics Inc. Common Stock,$5.2769,0.0669,1.284%,21496808.00,,2022,3597,Technology,EDP Services
INTT,inTest Corporation Common Stock,$12.43,-0.24,-1.894%,151165108.00,United States,1997,74437,Industrials,Electrical Products
INUV,Inuvo Inc.,$0.4399,0.0299,7.293%,60698140.00,United States,,405867,Consumer Discretionary,Advertising
IOR,Income Opportunity Realty Investors Inc. Common Stock,$13.99,0.00,0.00%,58316112.00,United States,1987,4,Real Estate,Real Estate Investment Trusts
ISDR,Issuer Direct Corporation Common Stock,$15.60,0.18,1.167%,59461724.00,United States,,3592,Consumer Discretionary,Publishing
ITP,IT Tech Packaging Inc. Common Stock,$0.2338,-0.0012,-0.511%,2353412.00,China,,12513,Basic Materials,Paper
ITRG,Integra Resources Corp. Common Shares,$0.8402,-0.0098,-1.153%,57786877.00,,,23623,Basic Materials,Precious Metals
JOB,GEE Group Inc. Common Stock,$0.4777,-0.0014,-0.292%,52113440.00,United States,1968,137582,Consumer Discretionary,Diversified Commercial Services
JWSM,Jaws Mustang Acquisition Corp. Class A Ordinary Shares,$10.95,0.01,0.091%,0.00,,2021,14914,Finance,Blank Checks
KIQ,Kelso Technologies Inc Ordinary Shares,$0.174,0.0008,0.462%,9451695.00,Canada,,258212,,
KNW,Know Labs Inc. Common Stock,$0.396,0.016,4.211%,32213224.00,,2022,36809,Industrials,Industrial Machinery/Components
KULR,KULR Technology Group Inc. Common Stock,$0.194,0.0113,6.185%,24809627.00,United States,,444308,Technology,Electrical Products
LCTX,Lineage Cell Therapeutics Inc. Common Stock,$1.10,0.01,0.917%,192485338.00,United States,,331267,Health Care,Biotechnology: Biological Products (No Diagnostic Substances)
LEU,Centrus Energy Corp. Class A Common Stock,$51.54,-1.03,-1.959%,800233491.00,United States,2014,83831,,
LGL,LGL Group Inc. (The) Common Stock,$6.45,0.44,7.321%,34526444.00,United States,1946,16333,Technology,Industrial Machinery/Components
LNG,Cheniere Energy Inc. Common Stock,$167.72,3.48,2.119%,39960106126.00,United States,2001,2101941,Utilities,Oil/Gas Transmission
LODE,Comstock Inc. Common Stock,$0.4754,0.0093,1.995%,55683709.00,United States,,230805,Industrials,Major Chemicals
LPTV,Loop Media Inc. Common Stock,$0.7374,-0.0716,-8.85%,52127712.00,United States,2022,53376,Industrials,Broadcasting
LSF,Laird Superfood Inc. Common Stock,$0.9045,0.0195,2.203%,8456573.00,,2020,27612,Consumer Staples,Packaged Foods
LXFR,Luxfer Holdings PLC Ordinary Shares,$8.23,0.07,0.858%,221148050.00,United Kingdom,2012,146403,Industrials,Major Chemicals
MAG,MAG Silver Corporation Ordinary Shares,$9.21,-0.07,-0.754%,948156726.00,Canada,,469223,Basic Materials,Precious Metals
MAIA,MAIA Biotechnology Inc. Common Stock,$1.35,0.00,0.00%,19188240.00,,2022,104928,Health Care,Biotechnology: Pharmaceutical Preparations
MGLD,The Marygold Companies Inc. Common Stock,$1.04,0.00,0.00%,40958797.00,,2022,144,Finance,Finance/Investors Services
MHH,Mastech Digital Inc Common Stock,$8.6499,-0.1001,-1.144%,100331384.00,United States,,3836,Consumer Discretionary,Professional Services
MI,NFT Limited Class A Ordinary Share,$0.179,0.0012,0.675%,6263548.00,,2023,36985,Consumer Discretionary,Other Specialty Stores
MIMO,Airspan Networks Holdings Inc. Common Stock,$0.241,0.013,5.702%,17987973.00,United States,2020,8487351,Consumer Discretionary,Telecommunications Equipment
MITQ,Moving iMage Technologies Inc. Common Stock,$0.8715,0.0105,1.22%,9184650.00,United States,2021,45490,Telecommunications,Telecommunications Equipment
MLSS,Milestone Scientific Inc. Common Stock,$0.6038,0.0114,1.924%,42898928.00,United States,2015,55529,Health Care,Industrial Specialties
MPTI,M-tron Industries Inc. Common Stock,$33.66,-0.30,-0.883%,93839368.00,,2022,66397,,
MPU,Mega Matrix Corp. Common Stock,$3.09,-0.61,-16.486%,98029110.00,United States,1998,662938,Consumer Discretionary,Diversified Commercial Services
MRT,Marti Technologies Inc. Class A Ordinary Shares,$0.87,0.1093,14.368%,15632813.00,,2021,242939,Consumer Discretionary,Rental/Leasing Companies
MSN,Emerson Radio Corporation Common Stock,$0.55,0.00,0.00%,11573459.00,United States,1994,1490,Consumer Staples,Consumer Electronics/Appliances
MTA,Metalla Royalty & Streaming Ltd. Common Shares,$2.89,-0.04,-1.365%,277308323.00,,,156493,,
MTNB,Matinas Biopharma Holdings Inc. Common Stock,$0.1961,0.0064,3.374%,42605574.00,United States,2017,361287,Health Care,Biotechnology: Pharmaceutical Preparations
MWG,Multi Ways Holdings Limited Ordinary Shares,$0.30,0.0099,3.413%,7440000.00,,2023,118352,Consumer Discretionary,Miscellaneous manufacturing industries
MXC,Mexco Energy Corporation Common Stock,$10.16,0.055,0.544%,21381720.00,United States,2003,3606,Energy,Oil & Gas Production
MYND,Mynd.ai Inc. American Depositary Shares,$5.1762,0.1762,3.524%,14597277.00,,2017,1340,Real Estate,Other Consumer Services
MYO,Myomo Inc. Common Stock,$3.26,-0.09,-2.687%,86442822.00,United States,2017,1059173,Health Care,Industrial Specialties
NAK,Northern Dynasty Minerals Ltd. Common Stock,$0.262,0.0044,1.708%,138839829.00,Canada,,1365300,Basic Materials,Precious Metals
NBH,Neuberger Berman Municipal Fund Inc. Common Stock,$10.20,-0.04,-0.391%,0.00,United States,2002,91918,Finance,Finance/Investors Services
NBY,NovaBay Pharmaceuticals Inc. Common Stock,$0.164,0.012,7.895%,1070806.00,United States,2007,7708392,Health Care,Biotechnology: Pharmaceutical Preparations
NCL,Northann Corp. Common Stock,$1.14,-0.03,-2.564%,24373200.00,,2023,338356,,
NEN,New England Realty Associates Limited Partnership Class A Depositary Receipts Evidencing Units of Limited Partnership,$70.95,0.00,0.00%,8288450.00,United States,,3,Finance,Real Estate
NEWP,New Pacific Metals Corp. Common Shares,$1.35,0.00,0.00%,230720916.00,,2021,178938,Basic Materials,Precious Metals
NFGC,New Found Gold Corp Common Shares,$3.12,0.04,1.299%,583043797.00,,2021,165093,Basic Materials,Precious Metals
NG,Novagold Resources Inc.,$2.83,-0.14,-4.714%,945732652.00,Canada,2003,2821225,Basic Materials,Precious Metals
NGD,New Gold Inc.,$1.24,-0.02,-1.587%,848788680.00,Canada,,1596265,Basic Materials,Metal Mining
NHC,National HealthCare Corporation Common Stock,$97.75,-0.35,-0.357%,1497975740.00,United States,1986,66663,Health Care,Hospital/Nursing Management
NHS,Neuberger Berman High Yield Strategies Fund,$7.99,0.00,0.00%,0.00,United States,,63723,Finance,Trusts Except Educational Religious and Charitable
NHWK,NightHawk Biosciences Inc. Common Stock,$0.3693,-0.0082,-2.172%,9632042.00,United States,2022,70733,Health Care,Biotechnology: Pharmaceutical Preparations
NML,Neuberger Berman Energy Infrastructure and Income Fund Inc. Common Stock,$6.67,0.04,0.603%,0.00,,2013,136536,Finance,Finance/Investors Services
NNVC,NanoViricides Inc. Common Stock,$1.07,0.01,0.943%,12568220.00,United States,,24024,Health Care,Biotechnology: Pharmaceutical Preparations
NRO,Neuberger Berman Real Estate Securities Income Fund Inc.,$3.33,0.08,2.462%,0.00,United States,2003,1186785,Finance,Finance/Investors Services
NRXS,Neuraxis Inc. Common Stock,$2.36,0.175,8.009%,12483253.00,,2023,15013,,
NSTB,Northern Star Investment Corp. II Class A Common stock,$10.49,0.1999,1.943%,126653291.00,,2021,194386,Finance,Investment Bankers/Brokers/Service
NTIP,Network-1 Technologies Inc. Common Stock,$2.15,-0.04,-1.826%,50805846.00,United States,,14889,Miscellaneous,Multi-Sector Companies
OBE,Obsidian Energy Ltd. Common Shares,$6.88,0.05,0.732%,543822981.00,Canada,2022,294069,Energy,Oil & Gas Production
OGEN,Oragenics Inc. Common Stock,$4.80,0.05,1.053%,12333048.00,United States,,4411,Health Care,Biotechnology: Pharmaceutical Preparations
OPTT,Ocean Power Technologies Inc. Common Stock,$0.305,-0.006,-1.929%,17930559.00,United States,2007,94062,Industrials,Industrial Machinery/Components
ORLA,Orla Mining Ltd. Common Shares,$3.38,-0.05,-1.458%,1062742980.00,,2020,347784,Basic Materials,Precious Metals
OZ,Belpointe PREP LLC Class A Units,$65.00,0.45,0.697%,239168280.00,,,1824,,
PAPL,Pineapple Financial Inc. Common Stock,$1.64,0.00,0.00%,11778446.00,,2023,10487,Finance,Finance: Consumer Services
PCG^A,Pacific Gas & Electric Co. 6% Preferred Stock,$23.85,-0.0322,-0.135%,,United States,,3384,,
PCG^B,Pacific Gas & Electric Co. 5 1/2% Preferred Stock,$20.27,-0.0801,-0.394%,,United States,,769,,
PCG^C,Pacific Gas & Electric Co. 5% 1st Preferred Stock,$18.29,0.00,0.00%,,United States,,68,,
PCG^D,Pacific Gas & Electric Co. 5% 1st  Red. Preferred Stock,$18.50,-0.04,-0.216%,,United States,,3247,,
PCG^E,Pacific Gas & Electric Co. 5% 1st A Preferred Stock,$18.45,-0.14,-0.753%,,United States,,2330,,
PCG^G,Pacific Gas & Electric Co. 4.80% 1st Preferred Stock,$17.30,-0.1299,-0.745%,,United States,,1272,,
PCG^H,Pacific Gas & Electric Co. 4.50% 1st Preferred Stock,$16.70,0.01,0.06%,,United States,,885,,
PCG^I,Pacific Gas & Electric Co. 4.36% 1st Preferred Stock,$17.05,0.7201,4.41%,,United States,,13243,,
PED,Pedevco Corp. Common Stock,$0.6675,0.0458,7.367%,58239553.00,United States,,181132,Energy,Oil & Gas Production
PHGE,BiomX Inc. COmmon Stock,$0.265,0.023,9.504%,12184628.00,,2019,349504,Health Care,Biotechnology: Biological Products (No Diagnostic Substances)
PLAG,Planet Green Holdings Corp. Common Stock,$0.413,-0.0374,-8.304%,29769837.00,China,,10923,Consumer Staples,Packaged Foods
PLG,Platinum Group Metals Ltd. Ordinary Shares (Canada),$1.06,0.03,2.913%,108519276.00,Canada,,75451,Basic Materials,Precious Metals
PLX,Protalix BioTherapeutics Inc. (DE) Common Stock,$1.48,-0.03,-1.987%,107969144.00,Israel,,264838,Health Care,Biotechnology: Biological Products (No Diagnostic Substances)
POL,Polished Inc. Common Stock,$4.41,0.49,12.50%,9302220.00,United States,2020,436077,Consumer Discretionary,Home Furnishings
PRK,Park National Corporation Common Stock,$134.54,1.57,1.181%,2168311085.00,United States,1994,27942,Finance,Major Banks
PTN,Palatin Technologies Inc. Common Stock,$4.33,0.33,8.25%,59481803.00,United States,1999,428466,Health Care,Biotechnology: Pharmaceutical Preparations
PW,Power REIT (MD) Common Stock,$0.6165,-0.0121,-1.925%,2089726.00,United States,1998,11127,Real Estate,Real Estate Investment Trusts
PW^A,Power REIT 7.75% Series A Cumulative Perpetual Preferred Stock,$3.81,0.00,0.00%,,United States,,7,,
PZG,Paramount Gold Nevada Corp. Common Stock,$0.355,0.00,0.00%,20944998.00,United States,2015,94281,Basic Materials,Metal Mining
QFTA,Quantum FinTech Acquisition Corporation Common Stock,$6.55,-0.35,-5.072%,0.00,,2021,2083,Finance,Blank Checks
RCG,RENN Fund Inc Common Stock,$1.6201,0.0091,0.565%,0.00,United States,,1513,Finance,Investment Managers
REI,Ring Energy Inc. Common Stock,$1.39,-0.01,-0.714%,271926118.00,United States,,1803588,Energy,Oil & Gas Production
REPX,Riley Exploration Permian Inc. Common Stock,$22.05,-0.41,-1.825%,450397688.00,United States,1999,61038,Energy,Oil & Gas Production
RHE,Regional Health Properties Inc. Common Stock,$2.255,0.045,2.036%,4246228.00,,2017,2207,Real Estate,Real Estate
RHE^A,Regional Health Properties Inc. 10.875% Series A Cumulative Redeemable Preferred Stock,$0.628,0.008,1.29%,,,,225,,
RLGT,Radiant Logistics Inc. Common Stock,$6.65,0.01,0.151%,312170391.00,United States,,92197,Consumer Discretionary,Oil Refining/Marketing
RVP,Retractable Technologies Inc. Common Stock,$1.2297,-0.0103,-0.831%,36813724.00,United States,2001,30823,Health Care,Medical/Dental Instruments
SACC,Sachem Capital Corp. 6.875% Notes due 2024,$24.6199,0.0699,0.285%,1116670746.00,United States,2019,3260,Real Estate,Real Estate Investment Trusts
SACH,Sachem Capital Corp. Common Shares,$3.75,-0.01,-0.266%,170086609.00,United States,2017,141336,Real Estate,Real Estate Investment Trusts
SACH^A,Sachem Capital Corp. 7.75% Series A Cumulative Redeemable Preferred Stock,$20.34,0.22,1.093%,,United States,,6813,,
SATX,SatixFy Communications Ltd. Ordinary Share,$0.394,-0.0152,-3.715%,31785033556.00,,2022,20893,Technology,Radio And Television Broadcasting And Communications Equipment
SBEV,Splash Beverage Group Inc. (NV) Common Stock,$0.395,-0.012,-2.948%,17308022.00,,2021,374118,Consumer Staples,Beverages (Production/Distribution)
SCCB,Sachem Capital Corp. 7.125% Notes due 2024,$24.9999,0.0398,0.159%,1133906189.00,United States,2019,6796,Real Estate,Real Estate Investment Trusts
SCCC,Sachem Capital Corp. 7.75% Notes due 2025,$24.6258,0.0058,0.024%,1116938349.00,United States,2020,5599,Real Estate,Real Estate Investment Trusts
SCCD,Sachem Capital Corp. 6.00% Notes due 2026,$22.0001,0.0001,0.00%,997845974.00,United States,,200,Real Estate,Real Estate Investment Trusts
SCCE,Sachem Capital Corp. 6.00% Notes due 2027,$21.9997,0.1497,0.685%,997827831.00,United States,2022,458,Real Estate,Real Estate Investment Trusts
SCCF,Sachem Capital Corp. 7.125% Notes due 2027,$22.51,0.00,0.00%,1020973217.00,United States,2022,428,Real Estate,Real Estate Investment Trusts
SCCG,Sachem Capital Corp. 8.00% Notes due 2027,$23.72,-0.1399,-0.586%,1075854496.00,United States,2022,5392,Real Estate,Real Estate Investment Trusts
SDPI,Superior Drilling Products Inc. Common Stock,$0.748,0.0204,2.804%,22732648.00,,2014,16307,Industrials,Metal Fabrications
SEB,Seaboard Corporation Common Stock,$3609.99,5.04,0.14%,3505498839.00,United States,1996,1961,Industrials,Farming/Seeds/Milling
SENS,Senseonics Holdings Inc. Common Stock,$0.53,0.0085,1.63%,279989145.00,United States,,1221800,Industrials,Industrial Machinery/Components
SGE,Strong Global Entertainment Inc. Class A Common Voting Shares,$1.28,-0.04,-3.03%,0.00,,2023,3732,Consumer Discretionary,Industrial Machinery/Components
SGN,Signing Day Sports Inc. Common Stock,$0.72,0.04,5.882%,9538957.00,,2023,23612,,
SIF,SIFCO Industries Inc. Common Stock,$3.17,-0.14,-4.23%,19351072.00,United States,1969,1345,Industrials,Office Equipment/Supplies/Services
SILV,SilverCrest Metals Inc. Common Shares,$5.62,-0.07,-1.23%,819443006.00,Canada,2018,370464,Industrials,Industrial Machinery/Components
SIM,Grupo Simec S.A.B. de C.V. American Depositary Shares,$30.50,0.00,0.00%,4698381528.00,Mexico,1998,544,Industrials,Steel/Iron Ore
SKYH,Sky Harbour Group Corporation Class A Common Stock,$12.01,-0.32,-2.595%,767376140.00,,2022,13651,Industrials,Military/Government/Technical
SLI,Standard Lithium Ltd. Common Shares,$1.28,-0.02,-1.538%,221250812.00,Canada,2021,1424849,Industrials,Major Chemicals
SLND,Southland Holdings Inc. Common Stock,$4.89,-0.02,-0.407%,234191802.00,United States,,8696,Industrials,Military/Government/Technical
SNMP,Evolve Transition Infrastructure LP Common Units representing Class B Limited Liability Company Interests,$1.341,0.011,0.827%,10327132.00,,,2989,Energy,Oil & Gas Production
SOAR,Volato Group Inc. Class A Common Stock,$2.22,0.00,0.00%,29621678.00,,2022,36913,Finance,Blank Checks
SSY,SunLink Health Systems Inc. Common Stock,$0.94,0.02,2.174%,6618167.00,United States,1996,854,Health Care,Hospital/Nursing Management
STRW,Strawberry Fields REIT Inc. Common Stock,$7.95,0.00,0.00%,51114636.00,,2023,508,Real Estate,Real Estate Investment Trusts
STXS,Stereotaxis Inc. Common Stock,$2.03,-0.05,-2.404%,164195659.00,United States,,122583,Health Care,Biotechnology: Electromedical & Electrotherapeutic Apparatus
SVM,Silvercorp Metals Inc. Common Shares,$2.39,-0.01,-0.417%,422599774.00,Canada,,486228,Basic Materials,Precious Metals
SVT,Servotronics Inc. Common Stock,$13.8654,0.1954,1.429%,34610964.00,United States,1970,1545,Consumer Discretionary,Industrial Machinery/Components
SYNX,Silynxcom Ltd. Ordinary Shares,$3.00,0.01,0.334%,15750000.00,,2024,26684,,
TELL,Tellurian Inc. Common Stock,$0.55,0.0298,5.729%,349163300.00,United States,,34888768,Finance,Investment Bankers/Brokers/Service
TELZ,Tellurian Inc. 8.25% Senior Notes due 2028,$12.4745,1.3845,12.484%,7919341070.00,United States,,21033,Energy,Oil & Gas Production
TGB,Taseko Mines Ltd. Common Stock,$1.42,-0.04,-2.74%,409992340.00,Canada,,1322590,Basic Materials,Precious Metals
THM,International Tower Hill Mines Ltd. Ordinary Shares (Canada),$0.555,-0.0049,-0.875%,108716470.00,Canada,,55855,Basic Materials,Metal Mining
TMP,Tompkins Financial Corporation Common Stock,$53.84,-0.50,-0.92%,772613530.00,United States,1997,55930,Finance,Major Banks
TMQ,Trilogy Metals Inc. Common Stock,$0.501,0.0241,5.053%,78097805.00,Canada,,425731,Basic Materials,Precious Metals
TOON,Kartoon Studios Inc. Common Stock,$1.23,0.10,8.85%,43282621.00,United States,,140442,Consumer Discretionary,Movies/Entertainment
TOVX,Theriva Biologics Inc. Common Stock,$0.4345,0.0121,2.865%,7405081.00,United States,,19111,Health Care,Biotechnology: Pharmaceutical Preparations
TPET,Trio Petroleum Corp. Common Stock,$0.191,-0.003,-1.546%,5657710.00,,2023,229334,Energy,Oil & Gas Production
TPHS,Trinity Place Holdings Inc. Common Stock,$0.168,-0.014,-7.692%,6417497.00,,,695249,Real Estate,Building operators
TRT,Trio-Tech International Common Stock,$5.0376,-0.0824,-1.609%,20641213.00,United States,1998,6854,Technology,Industrial Machinery/Components
TRX,TRX Gold Corporation Common Stock,$0.3406,-0.0017,-0.497%,94559183.00,Canada,,179372,Basic Materials,Precious Metals
UAMY,United States Antimony Corporation Common Stock,$0.227,-0.0031,-1.347%,24435941.00,United States,,203534,,
UAVS,AgEagle Aerial Systems Inc. Common Stock,$0.0932,0.0019,2.081%,10986307.00,United States,,1702440,Industrials,Aerospace
UEC,Uranium Energy Corp. Common Stock,$7.43,0.03,0.405%,2919839349.00,Canada,,7925611,Basic Materials,Other Metals and Minerals
URG,Ur Energy Inc Common Shares (Canada),$1.75,0.04,2.339%,465480957.00,Canada,,1997105,Basic Materials,Precious Metals
USAS,Americas Gold and Silver Corporation Common Shares no par value,$0.221,-0.0104,-4.494%,47974159.00,Canada,2017,545224,,
UTG,Reaves Utility Income Fund Common Shares of Beneficial Interest,$26.32,0.27,1.036%,0.00,United States,2004,209583,Finance,Investment Managers
UUU,Universal Security Instruments Inc. Common Stock,$1.53,-0.0198,-1.278%,3538717.00,United States,2003,3843,Technology,Electronic Components
UUUU,Energy Fuels Inc Ordinary Shares (Canada),$7.30,-0.04,-0.545%,1177139177.00,Canada,,1319908,,
VCXB,10X Capital Venture Acquisition Corp. III Class A Ordinary Shares,$10.74,0.00,0.00%,163346701.00,,2022,4,Finance,Blank Checks
VFL,abrdn National Municipal Income Fund Common Stock,$9.95,-0.053,-0.53%,0.00,United States,1993,43215,Finance,Finance/Investors Services
VGZ,Vista Gold Corp Common Stock,$0.36,-0.003,-0.826%,43591858.00,United States,1986,96749,,
VHAQ,Viveon Health Acquisition Corp. Common Stock,$11.36,0.07,0.62%,75528834.00,,2021,176312,Health Care,Biotechnology: Pharmaceutical Preparations
VINE,Fresh Vine Wine Inc. Common Stock,$0.8599,0.0049,0.573%,13737958.00,,2021,194464,Consumer Staples,Beverages (Production/Distribution)
VKI,Invesco Advantage Municipal Income Trust II Common Shares of Beneficial Interest (DE),$8.31,-0.03,-0.36%,369014026.00,United States,1993,67418,Finance,Finance Companies
VNRX,VolitionRX Limited Common Stock,$1.07,0.03,2.885%,84193884.00,Singapore,2015,41853,Health Care,Biotechnology: In Vitro & In Vivo Diagnostic Substances
VTAK,Catheter Precision Inc. Common Stock,$0.52,-0.0699,-11.849%,3653873.00,,2018,133952,Health Care,Medical/Dental Instruments
VZLA,Vizsla Silver Corp. Common Shares,$1.37,-0.01,-0.725%,284951532.00,,2022,430470,Basic Materials,Precious Metals
WRAC,Williams Rowland Acquisition Corp. Common Stock,$10.56,0.01,0.095%,0.00,,2021,1000,Finance,Blank Checks
WRN,Western Copper and Gold Corporation Common Stock,$1.10,-0.01,-0.901%,178880867.00,Canada,2011,130619,Basic Materials,Metal Mining
WWR,Westwater Resources Inc. Common Stock,$0.51,0.0219,4.487%,27966301.00,United States,,127901,Basic Materials,Metal Mining
WYY,WidePoint Corporation Common Stock,$3.23,0.15,4.87%,28565064.00,United States,,74363,Technology,EDP Services
XPL,Solitario Resources Corp. Common Stock,$0.553,0.038,7.379%,43734756.00,United States,,116458,Basic Materials,Precious Metals
XTNT,Xtant Medical Holdings Inc. Common Stock,$1.04,-0.04,-3.704%,135314660.00,United States,,44313,Health Care,Biotechnology: Biological Products (No Diagnostic Substances)
YCBD,cbdMD Inc. Common Stock,$0.7712,-0.0348,-4.318%,2283480.00,United States,2017,15919,Consumer Discretionary,Package Goods/Cosmetics
YCBD^A,cbdMD Inc. 8.0% Series A Cumulative Convertible Preferred Stock,$0.5697,-0.0233,-3.929%,,United States,,2946,,
ZDGE,Zedge Inc. Class B Common Stock ,$2.83,0.25,9.69%,40623442.00,,2016,78805,Technology,Computer Software: Prepackaged Software
ZOM,Zomedica Corp. Common Shares,$0.1327,0.0007,0.53%,126058321.00,United States,2017,2703334,Health Care,Biotechnology: Pharmaceutical Preparations
